precision,recall,f1-score,support
0.9285714285714286,0.978494623655914,0.9528795811518325,93.0
0.967741935483871,0.8955223880597015,0.930232558139535,67.0
0.94375,0.94375,0.94375,0.94375
0.9481566820276498,0.9370085058578077,0.9415560696456837,160.0
0.9449740783410139,0.94375,0.943396140265433,160.0
