precision,recall,f1-score,support
0.0,0.0,0.0,78.0
0.5125,1.0,0.6776859504132231,82.0
0.5125,0.5125,0.5125,0.5125
0.25625,0.5,0.33884297520661155,160.0
0.26265625,0.5125,0.34731404958677686,160.0
