precision,recall,f1-score,support
0.968421052631579,0.989247311827957,0.9787234042553192,93.0
0.9846153846153847,0.9552238805970149,0.9696969696969696,67.0
0.975,0.975,0.975,0.975
0.9765182186234818,0.972235596212486,0.9742101869761444,160.0
0.9752024291497976,0.975,0.9749435847840104,160.0
