precision,recall,f1-score,support
0.9204545454545454,0.9642857142857143,0.941860465116279,84.0
0.9583333333333334,0.9078947368421053,0.9324324324324325,76.0
0.9375,0.9375,0.9375,0.9375
0.9393939393939394,0.9360902255639099,0.9371464487743557,160.0
0.9384469696969697,0.9375,0.9373821495914519,160.0
