precision,recall,f1-score,support
0.9578947368421052,0.978494623655914,0.9680851063829788,93.0
0.9692307692307692,0.9402985074626866,0.9545454545454547,67.0
0.9625,0.9625,0.9625,0.9625
0.9635627530364372,0.9593965655593003,0.9613152804642168,160.0
0.9626417004048584,0.9625,0.9624153771760156,160.0
